Year	Width [m]	SD [m]
1991	40.66321817	2.580026787
2002	50.1964126	4.158224987
2010	49.02413882	3.913171968
2017	54.70951521	3.184496916
