Year	Width [m]
1991	40.6632181725
2002	50.1964125975
2010	49.0241388175
2017	54.709515214375
